article,reference_summary,textrank_summary,bart_summary
"Jarryd Hayne's move to the NFL is a boost for rugby league in the United States, it has been claimed. The Australia international full-back or centre quit the National Rugby League in October to try his luck in American football and was this week given a three-year contract with the San Francisco 49ers. Peter Illfield, chairman of US Association of Rugby League, said: 'Jarryd, at 27, is one of the most gifted and talented rugby league players in Australia. He is an extraordinary athlete. Jarryd Hayne (right) has signed with the San Francisco 49ers after quitting the NRL in October . Hayne, who played rugby league for Australia, has signed a three year contract with the 49ers . 'His three-year deal with the 49ers, as an expected running back, gives the USA Rugby League a connection with the American football lover like never before. 'Jarryd's profile and playing ability will bring our sport to the attention of many. It also has the possibility of showing the American college athlete the possibilities of transition and adaptation for them to play rugby league, should they desire. 'Part of our recruitment strategy is aimed at the American football player who has excelled at High School level but just misses out on their College football team in their Freshman year. Hayne could play at full back or centre in rugby league and is expected to be a running back for the 49ers . 'There is no community football for that high-level of athlete. Rugby league is the perfect sport for him and we now have Jarryd as a first-hand role model.' Illfield has invited Hayne to be a guest of honour at the USARL fixtures in their 14-club competition over the summer, adding: 'We are looking at every source for increasing performance outcomes for the USA national team leading up to the 2017 Rugby League World Cup in Australia and New Zealand.'","Jarryd Hayne quit the NRL in October to try and get into American Football .
This week, he signed a three-year contract with the San Francisco 49ers .
The chairman of the US Association of Rugby League welcomed his arrival .","The Australia international full-back or centre quit the National Rugby League in October to try his luck in American football and was this week given a three-year contract with the San Francisco 49ers. Hayne, who played rugby league for Australia, has signed a three year contract with the 49ers . Hayne could play at full back or centre in rugby league and is expected to be a running back for the 49ers .",Jarryd Hayne quit the NRL in October to try his luck in American football. The 27-year-old has signed a three-year contract with the San Francisco 49ers. Hayne could play at full back or centre in rugby league. He is expected to be a running back for the 49ers .
"An anorexic teenager whose weight dropped to just five stone is fighting back from the condition by setting up a catering business. Faith March, 18 from Maldon, Essex, was surviving on nothing other than coffee when she dropped to her lowest weight in March of last year. After several ill-fated attempts to fight the illness, Faith collapsed in her bathroom where she was found by her boyfriend - and her family told her they feared for her life if she didn't get help. Scroll down for video . Faith March's weight dropped to just five stone when she was suffering from anorexia (left) but she is now in recovery and has set up her own patisserie business (right) After treatment at the Priory Hospital in Chelmsford, Faith is now at a healthier weight and credits the starting of her patisserie business, Whisk of Faith, as kick-starting her recovery. Faith said: 'This business has helped me get out of a massive hole. If I'm honest, it was a hole I never thought I would get out of. It just seemed like a never-ending cycle of problems.' Faith says she has had problems with her stomach which have baffled doctors for most of her life, but at 14 she was finally told her colon had collapsed and had surgery to insert a stent into her stomach. That returned her to some sort of normality, but in March last year her eating problems began to worsen and those around her began to notice. Faith said: 'My boyfriend, mum and dad noticed I had stopped eating again, I was just surviving on coffee,' she said. 'I was doing a cookery course at the time as well as working part time at a pub so I was surrounded by food but I just couldn't bring myself to eat anything. Faith looks happy as she poses with some of her cooking equipment and her freshly baked goods . Faith looks happy as she poses in her chefs outfit complete with an apron with the name of her company on the front . 'My boss told me to take some time out because it was clear I wasn't 100 per cent so I went to the doctors and that is when I was told I had anorexia. 'I knew I always had problems with food but to actually be diagnosed as anorexic just played havoc with my mind. Faith continued: 'I tried to combat it in so many ways that I look back on now and think 'what was I doing?' such as just staying in bed, working out at the gym all the time and just generally not accepting help. Then, a terrifying episode later that year made it hit home just how bad her problem was. Faith said: 'After one long day working from 11am until 10pm at the pub in which I hadn't eaten, my boyfriend found me collapsed on the bathroom floor. Faith's weight plummeted to just five stone but she is not much healthier (right) Pretty Faith poses with her boyfriend Alex who raised the alarm after he discovered her collapsed on the bathroom floor . 'I can't remember much about what happened but he said I couldn't go back there as I was just too unwell. 'We went on holiday and my family told me they thought I would die if I carried on working in that environment. 'It hit me then. I realised something needed to be done to save my life. Faith quit her job and spent time at home recuperating, which got her thinking about ways to get herself better. 'I always wanted my own business so Mum told me to maybe do some work for myself while I get better,' she said. 'I had been at cooking college and it was something I wanted to do for a living, so I started doing cakes and getting people ordering from me and it's just grown from there.' Brave Faith sought treatment for her anorexia at the Priory Hospital in Chelmsford . Faith says that having her new business has helped her to start eating again after suffering for years with anorexia . Mum Heather has been helping out and Faith said that, while there is still a long way to go for both her condition and her business, she is optimistic for the future. 'I still have to have check-ups twice a week but I'm weighing just over eight stone now which is a lot healthier than I was,' she said. 'My parents have been so supportive by letting me run the business from home and my boyfriend has been a tower of strength as well. 'The business started small but it has just kept growing and growing. Of course I still have bad days when I barely eat anything but as a result of starting the business I'm now eating a lot more and worrying a lot less.' Faith's Mum Heather (right) has been helping Faith with her new business Whisk of Faith .","Faith March's dropped to just five stone as she suffered from anorexia .
The 18-year-old from Essex was living on just coffee and no food .
After she collapsed in the bathroom, she had hospital treatment .
Has now launched a patisserie business to help her recover .","Faith March's weight dropped to just five stone when she was suffering from anorexia (left) but she is now in recovery and has set up her own patisserie business (right) After treatment at the Priory Hospital in Chelmsford, Faith is now at a healthier weight and credits the starting of her patisserie business, Whisk of Faith, as kick-starting her recovery. Faith said: 'My boyfriend, mum and dad noticed I had stopped eating again, I was just surviving on coffee,' she said. Faith's Mum Heather (right) has been helping Faith with her new business Whisk of Faith .","Faith March's weight dropped to just five stone when she was suffering from anorexia. The 18-year-old from Maldon, Essex, was surviving on nothing other than coffee. After several ill-fated attempts to fight the illness, Faith collapsed in her bathroom. Her family told her they feared for her life if she didn't get help. After treatment at the Priory Hospital in Chelmsford, Faith is now at a healthier weight. She credits the starting of her patisserie business, Whisk of Faith, as kick-starting her recovery."
"(CNN)For years, they've wanted six seasons and a movie, and at 3:01 a.m. ET Tuesday, fans got it ... almost. There's no movie yet, but ""Community's"" much-awaited sixth season made its debut. Not even cancellation by NBC could kill the fan favorite sitcom, as Yahoo streamed the first two episodes of the new season early Tuesday. The show appears to have suffered no decline in quality in the move to Yahoo, though cast member Yvette Nicole Brown (now on CBS' ""The Odd Couple"") had to leave the show for family reasons. The premiere briefly touches on this in its own way, with Shirley's absence sounding a lot like the setup for a spinoff (as the character Abed points out, along with several other inconsistencies throughout the episode). The ""new Shirley,"" as Dean joked, is Paget Brewster's Frankie, who exists to play the disapproving authority figure to antagonize the former study group. Soon, the group was running a Prohibition-esque bar before they could learn to live with Frankie. And how about the end of the first episode, which gave us a look at the spinoff, ""The Butcher and the Baker,"" with Shirley and Steven Weber as a Southern lawyer? Episode two got even more out there, with Dean Pelton's adventures in 1990s-style virtual reality and a less-successful plotline involving Britta's parents. Most interesting was the introduction of Keith David as '90s tech genius Elroy. Critics praised the show, with The Hollywood Reporter's Amy Amatangelo saying, ""Everything fans loved about Community remains -- the first two episodes are chock-full of increasingly bizarre pop-culture references (Portuguese Gremlins, anyone?) and meta commentary. The show has seamlessly transferred to an online venue."" Time's James Poniewozik also liked it (despite some reservations about the plot), writing, ""The first thing that matters is if the latest reboot still has the comedy goods, and it does."" Soon after the show went online, devoted fans on Twitter had their say.","The fan favorite comedy ""Community"" returns for a sixth season on Yahoo .
The series is just as weirdly hilarious as ever, with surprises in store .
Critics and fans loved the premiere .","ET Tuesday, fans got it ... almost. Not even cancellation by NBC could kill the fan favorite sitcom, as Yahoo streamed the first two episodes of the new season early Tuesday. Soon after the show went online, devoted fans on Twitter had their say.","""Community's"" much-awaited sixth season made its debut Tuesday. Yahoo streamed the first two episodes of the new season early Tuesday. The show appears to have suffered no decline in quality."
"He became known as the Dancing Man after two photos of him were posted online with the caption: 'Spotted this specimen trying to dance the other week. He stopped when he saw us laughing.' But now, the man - who was pictured happily dancing in one shot, and bowing his head in apparent humiliation and dejection in the other - has been tracked down, thanks to a social media campaign. The music lover, who is named Sean and lives in London, was identified after upset Twitter user, Cassandra Fairbanks, from California, spotted the photos and asked other users to help find him. And not only did The Free Thought Project activist manage to locate him within hours - but she and nearly 2,000 other women have now invited him to a huge VIP dance party in Los Angeles. Scroll down for video . Nasty: Sean, of London, became known as the Dancing Man after these two photos of him were posted online with the caption: 'Spotted this specimen trying to dance the other week. He stopped when he saw us laughing' Outraged: The post was later screenshot and posted on Imgur , where it attracted the attention of thousands of social media users, including Cassandra Fairbanks (above), who said she was 'horrified' by its 'cruel' nature . Success! After launching a Twitter campaign, The Free Thought Project activist manage to locate Sean within hours. Above, Sean posted a photo of himself holding up a sign reading: 'Hi Cass & Twitter (as requested!)' The success of Ms Fairbanks's tweet and the subsequent party invite has touched the hearts of people across the world, with many social media users deeming the story 'amazing' and tear-jerking. Sean was first pictured dancing enthusiastically at what appeared to be a concert last month. But after the bullying cameraman and his friend started laughing at him, he bowed his head in shame. The bullies later uploaded the two, contrasting photos of Sean to the anonymous message board, 4chan, alongside the nasty message labeling him a 'specimen' and criticizing his carefree dancing. The post was then screenshot and posted on Imgur, where it attracted the attention of thousands of social media users, including Ms Fairbanks, who said she was 'horrified' by its 'cruel' nature. On Thursday evening, she uploaded the post her Twitter page, writing: 'Anyone know this man or who posted this? There's a huge group of ladies in LA who would like to do something special.' Ms Fairbanks's tweet was quickly circulated on the social network, with thousands of users joining in her efforts to track down the Dancing Man. Before long, the hashtag #finddancingman went viral. Party plans: Now, Ms Fairbanks and nearly 2,000 other women have invited Sean to a huge VIP dance party in Los Angeles, California. There he will be joined by 'the coolest and most awesome ladies', Ms Fairbanks said . Formal invite: On Thursday night, the hashtag #finddancingman went viral. Ms Fairbanks's group even issued a formal, blue-colored invitation to the dance party to Sean. Part of it read: 'We want to see you dance freely' Searching: Other members of the group  joined in with efforts to identify Sean. Casey Horan wrote: 'We want to throw him a huge dance party with tons of beautiful babes.' Another said: 'Help me and my 2,000 girlfriends' Appeal: Syndney Ladd wrote: 'Does anyone know who this man is,' adding she wanted to invite him to a party . Deserving man: Jocelyn Aspa said she hoped Sean was tracked down and 'gets the dance party he deserves' In a later tweet, Ms Fairbanks said of her group of 1,727 women: 'We would like to fly him to LA for a VIP dance party with the coolest and most awesome ladies in la, please help...' Other members of her group then joined in. Casey Horan wrote: 'We want to throw him a huge dance party with tons of beautiful babes.' Another pleaded: 'Help me and my 2,000 girlfriends.' The group even issued a formal, blue-colored invitation to the dance party to Sean. Part of it read: 'We want to see you dance freely and if you would have us, we would love to dance with you.' In a post she wrote on The Free Thought Project's site, Ms Fairbanks explained that she and a few other women were 'concerned the photo spreading further could cause embarrassment for Sean'. 'Kind-hearted gesture': Although the group were concerned of embarrassing Sean by tweeting the photos, they decided that the benefits of successfully locating and standing up for the Dancing Man outweighed the risks . Supporting Sean: Emma Roid tweeted to Sean: 'If you see this, we want you to know that we've got your back' More support: Another user, with the handle @tinypants', said she hoped someone on Twitter could identify Sean - before his name was revealed. 'Half the Internet wants to give him a hug,' she wrote, using the hashtag . Fellow dancing enthusiast: Charlie Heapy added: 'We need to #FindDancingMan and have a big dancing party!' But eventually, they decided that the benefits of successfully locating and standing up for Sean - 'bringing some positivity to such an upsetting situation' - outweighed the risks, she wrote. In the early hours of Friday morning, Ms Fairbanks received a photo of a man who looked like the Dancing Man - and was wearing the same wristband - posing next Arsenal football team's emblem. And just hours later, the Dancing Man himself set up a Twitter account to reply to Ms Fairbanks - and posted a photo of himself holding up a sign reading: 'Hi Cass & Twitter (as requested!).' After confirming Sean's identity and discovering he lives in London, Ms Fairbanks posted: 'YAY TWITTER!!! @Dancingmanfound #FindDancingMan. We are going to dance!!!' 'Lucky': In the early hours of Friday, CassCams Models noted that Sean would soon be a very 'lucky bloke' It's him! At around the same time, Ms Fairbanks received a photo of a man who looked like the Dancing Man - and was wearing the same wristband - posing next Arsenal football team's emblem in London (pictured) Crying with happiness: A user named Kendall reacted positively to the news that the man had been identified . Emotional: Katherine Bayley said the Dancing Man story had 'made me cry', adding: 'People are so nasty' Social media users responded in a similar fashion. Twitter user Naomi Foster wrote: 'The dancing man story has made my day couldn't stop crying at that picture. glad it's a happy ending for him.' Nick Lavallee, a comedian from Manchester, New Hampshire, tweeted: '@Dancingmanfound @CassandraRules this is the best thing I've read in awhile. Have fun dancing with the hot babes!' And a user named Jessica said: 'Sooooo happy the dancing man has been found.' On Friday, a GoFundMe page was set up by the 1,727 women, who are all part of the Coconut Oil Friendship Club, to raise money to fly Sean to Los Angeles for 'a dance party of a lifetime'. 'Not stopped smiling or laughing': The Dancing Man himself set up a Twitter account to reply to Ms Fairbanks . Raising money by the minute: On Friday, a GoFundMe page was set up by the 1,727 women, who are all part of the Coconut Oil Friendship Club, to raise money to fly Sean to Los Angeles for 'a dance party of a lifetime' As of 2pm on Friday, it had raised a staggering $3,906 - with donations as high as $150 coming in by the minute. Any additional donations will be given to an anti-bullying campaign. And what does Sean have to say about the all-women VIP dance party? Well, he told Ms Fairbanks that he is currently in Kiev for two weeks - but  is free when he returns, according to Buzzfeed. '[He] is always ready for an adventure,' Ms Fairbanks said.","Dancing Man humiliated by bullies who posted two photos of him online .
In one image, he was seen dancing enthusiastically to music at concert .
In other, he was bowing head, ashamed, after the bullies laughed at him .
'Spotted this specimen trying to dance the other week,' cameraman said .
Images, initially posted to 4chan, were spotted by Cassandra Fairbanks .
She tweeted them on Thursday, asking users to help her to identify man .
On Friday morning, he was successfully identified as Sean from London .
Now, he has been sent VIP invite to dance party in LA with 1,727 women .","Party plans: Now, Ms Fairbanks and nearly 2,000 other women have invited Sean to a huge VIP dance party in Los Angeles, California. Ms Fairbanks's group even issued a formal, blue-colored invitation to the dance party to Sean. Deserving man: Jocelyn Aspa said she hoped Sean was tracked down and 'gets the dance party he deserves' In a later tweet, Ms Fairbanks said of her group of 1,727 women: 'We would like to fly him to LA for a VIP dance party with the coolest and most awesome ladies in la, please help...' Other members of her group then joined in.","Sean, of London, became known as the Dancing Man after two photos of him were posted online with the caption: 'Spotted this specimen trying to dance the other week. He stopped when he saw us laughing' But now, the man - who was pictured happily dancing in one shot, and bowing his head in apparent humiliation and dejection in the other - has been tracked down. He was identified after upset Twitter user, Cassandra Fairbanks, from California, spotted the photos and asked other users to help find him. Now, she and nearly 2,000 other women have invited him to a huge VIP dance party in Los Angeles"
"(CNN)One is a former high school cornerback who also loves baseball. The other is a football  fan who also played competitive golf. The two University of Oklahoma students at the center of a racist fraternity video have more than sports in common. They're both under fire since the nine-second clip showed them making racial slurs against blacks. In it, students at the now-disbanded Sigma Alpha Epsilon fraternity clap, pump their fists and laugh as they hurl racial slurs and make a reference to lynching. School officials have expelled Parker Rice and Levi Pettit because of their alleged ""leadership role"" in the racist chant. Here's what we know about the two students: . Rice, 19,  was raised in Dallas, where he recently graduated  from Jesuit College Preparatory School. In high school, he was an avid sportsman, and he played cornerback on the football team, in addition to baseball, The Dallas Morning News reported. His father, Bob Rice, is a real estate agent in Dallas, where he volunteers for various organizations, including a baseball league and the local YMCA, according to the newspaper. Earlier this year, a sibling of the younger Rice described their close relationship in an interview with their high school newspaper. In the article, the brother says they enjoy playing video games and watching movies together. Rice has apologized for the video, calling his actions wrong and reckless. ""I made a horrible mistake by joining into the singing and encouraging others to do the same,"" he said in a statement Tuesday. His family has fled their home, where protesters gathered Wednesday. They've also wiped out their social media accounts. As the university tries to heal after days of controversy, some are rallying to Rice's defense. Matthew Lopez,  a friend and fellow student at the university, said the video is not a reflection of who he is. ""That video does not represent his core personality,"" Lopez said. ""Unfortunately though, as things are, that might define him for a while. But it does not define him personally, I feel."" Lopez described him as a ""charismatic, good person, with a good soul and a good spirit"" who experienced a lapse in judgment. ""His behavior is a result of his influence of the fraternity system and the traditions that have been embedded since pre-civil war times, when the fraternity was made, which obviously weren't the most tolerant times,"" Lopez said. The second student expelled, Pettit does not have much of a digital footprint. What appears to be his now deleted Twitter page mainly focuses on his musings about college football. Pettit played golf at his alma mater, Highland Park High School, The Dallas Morning News reported. In a statement, his parents said their son made a horrible mistake and apologized to African-Americans, students and university faculty. ""He is a good boy, but what we saw in those videos is disgusting,"" Brody and Susan Pettit said. ""While it may be difficult for those who only know Levi from the video to understand, we know his heart, and he is not a racist."" CNN has reached out to both students but has not heard back from Rice. A spokesman for the Pettit family declined CNN's request for an interview.","""That video does not represent his core personality,""  a friend of Parker Rice says .
Levi Pettit, the second student expelled,  mainly focused on college football on social media .","The two University of Oklahoma students at the center of a racist fraternity video have more than sports in common. In high school, he was an avid sportsman, and he played cornerback on the football team, in addition to baseball, The Dallas Morning News reported. Pettit played golf at his alma mater, Highland Park High School, The Dallas Morning News reported.","Parker Rice and Levi Pettit have been expelled from the University of Oklahoma. Rice is a former high school cornerback who also loves baseball. Pettit played golf at his alma mater, Highland Park High School."
"A new ad starring a 'realistic' fashion doll with curves, stretch marks and a 'normal' sized body is trying to change women's perceptions of their bodies. Plastic doll Lammily - who was created as an antidote to Barbie's super-slim frame - is being used to teach us about our bikini body obsession. The brown-haired figure confronts her fears on a trip to the beach and sees other women there with flaws and scars, making her realise that no one's perfect. Scroll down for video . In the new Lammily advert the 'average barbie' is shown with stretch marks, the ad is meant to highlight the pressures women are under to be bikini ready . Highlighting the pressures on women to look 'swimwear ready,' at all times the magazine reads, 'Are you bikini ready?' She then starts looking at her friend's Facebook page where they have posted a bikini picture with the mocking hashtags, #plasticperfection, #donthate, #thighgapclub, #bikinibody, #youknowit. In what seems to be a parody of the Victoria's Secret show - famous for its underwear clad models - two barbies then start twerking on a stage as average Barbie looks on. She is then confronted by adverts for a 'dolly tuck,' and one which says you can lose half an inch in two weeks - a reference to the dolls small waists. In the advert Lammily is constantly faced with adverts which tell her she can lose weight quickly - the same images women see in real life . The doll is initially seen with red cheeks when she gets to the beach because she is embarrassed by her bikini body . However when she finally heads to the beach average Lammily realises that everyone there has their own issues. Some have stretch marks, others have spots and one has a scar across her stomach. The dolls creator Nickolay Lamm, a digital artist who majored in marketing at the University of Pittsburgh, said of making the ad: 'I was thinking about how Lammily, in the fashion doll world, would feel very out of place. I think one of the hardest things to do in life is to be yourself.' Lammily also looks at magazines which ask her 'Are you beach ready?' When Lammily sees the other dolls on the beach she soon realises that they all have their issues with their bodies . Lammily was first created in 2014 as the result of a crowd-funding project. Nickolay felt that there was no doll on the market that represented real women. More than 13,000 people signed up to the project with 19,000 of the dolls being pre-ordered. You can buy clothes to fit on the doll as well as stickers which show scars, stretch marks and acne just like normal women have. Nickolay, speaking in the Pittsburgh Post Gazette, said: 'I’m an artist, plus event planner, email checker, data entry person, graphic designer and pizza delivery driver. My goal isn’t to make a ton of money. I just want to create the most awesome content on the Internet.' If you buy a Lammily doll then you can buy stickers to go on her - for example these stretch mark stickers which show the marks many women have on their bodies . Lammily has stretch marks herself which she proudly shows off as she DJs a party on the beach for her friends .","Lammily takes a trip to the beach in the new advert .
It is designed to highlight the pressures on women to look good .
In the advert Lammily realises everyone has their flaws .
The doll was designed last year as antidote to super skinny Barbie .
It was created by digital artist Nickolay Lamm, from Pittsburgh .","In the new Lammily advert the 'average barbie' is shown with stretch marks, the ad is meant to highlight the pressures women are under to be bikini ready . When Lammily sees the other dolls on the beach she soon realises that they all have their issues with their bodies . If you buy a Lammily doll then you can buy stickers to go on her - for example these stretch mark stickers which show the marks many women have on their bodies .","Lammily was created as an antidote to Barbie's super-slim frame. Brown-haired figure confronts her fears on a trip to the beach. She sees other women with flaws and scars, making her realise that no one's perfect."
"The tactics used by Tory chairman Grant Shapps to convince people to hand over cash so he could get them 'stinking, filthy rich' have been revealed. Mr Shapps, posing as his business guru alter-ego Michael Green, used online leaflets to boast of his wealth and status in a bid to prove that he knew how to make millions. Using pictures of himself in his private plane and six-bedroom mansion, the future Tory minister offered his 'friends' the chance to learn how to make their fortune –as long as they handed him $197, worth £130. Scroll down for video . Mr Shapps used pictures of himself in his private plane with his son in a bid to prove that he knew how to make millions . Mr Shapps said his wealth was 'hard-core' evidence of that he could help people get rich. The revelations come just days after Mr Shapps, 46, faced calls to quit after being forced to admit he had continued to offer get-rich-quick advice after becoming a Conservative MP despite vehement denials to the contrary. The Tory minister had insisted he had not had a second job since being elected MP for Welwyn Hatfield in May 2005, but was later forced to admit he had 'screwed up' by denying the allegations 'over firmly'. It comes after a recording emerged from 2006, a year after he was elected to Parliament, capturing the MP selling self-help guide Stinking Rich 3 and claiming his products could make listeners a 'ton of cash'. The full extent of his toe-curling sales pitch was published in the Sunday Mirror today after pictures were published on the website Political Scrapbook. In it he offers punters the chance to buy his toolkit on 'How To Become Stinking RICH Online' for $197 – even though he claimed it was worth $100,000. The toolkit, he claimed, would make those who bought it '11 to 22 times more successful than the crowd as a result'. Mr Shapps boasted about how he made a fortune in just 30 months from his HowToCorp firm and other projects. Pictured in his sports car he wrote: 'That's me... and I'm sitting in my brandspanking-new Crossfire Convertible 3.2L' But he warned punters they would have to move fast because he had taken the 'difficult decision' to limit supply to just 250 copies, saying: 'I will delete the webpage and the mastercopy of this toolkit'. Mr Shapps offered his online kit to people throughout the UK and across the world from his HowToCorp business based in North West London. He wrote: 'Since owning an online business has enabled me to live in a $2m home... to drive 3 high-end luxury cars and to own and operate my own aircraft, I suppose a toolkit that exposes every secret used to build that kind of wealth should rightfully sell for say $100,000.' Mr Shapps boasts about how he made a fortune in just 30 months from his HowToCorp firm and other projects. The letter, published in 2004, featured Mr Shapps posing in his luxury sports car with the caption: 'That's me... and I'm sitting in my brandspanking-new Crossfire Convertible 3.2L (delivered Saturday July 24). It's one of the first dozen on the road here in the UK.' Tory chairman Grant Shapps faced calls to resign last week after admitting he had had a second job while working as an MP . But he revealed he and wife Belinda also own a 'wonderful Elan Turbo'. The car, he says, is 'complete with in-car DVD, SatNav and just about every other refinement you could imagine in a vehicle. Why it even has a fridge!' He also boasts about his lavish six-bedroom house in Hertfordshire and its new extension. Next to a picture of him sitting in a plane with his son, he writes: 'Everyone a hobby. Mine's flying. But buying and maintaining an aircraft (and this is my second machine) isn't cheap! 'But I just hate to rent... So I took out my pocket-book and bought a plane. That's me and my son in the cockpit. (One of us is a three-year-old with a passion for flying :)' Revelations about Mr Shapps' methods comes just days after he was branded a 'liar and a bully' for threatening a constituents with legal action for highlighting the fact he had a second job. Dean Archer, 50, said he had feared losing his family home after Mr Shapps warned he would take him to court over a Facebook post that mentioned his internet sales sideline as Michael Green. Despite the revelations David Cameron last week insisted he had full confidence in the Conservative party chairman. He said: 'Grant did have another job when he first became an MP and he declared that in the Register of Members' Interests which is what you are meant to do. 'But he obviously made a mistake by saying in some interviews that the work had stopped earlier than it had. He's put that right so I think we can put that behind him. He's doing a good job.'","MP posed as business guru Michael Green to offer keys to making cash .
Posed for pictures with private plane, luxury cars and six-bed mansion .
Offered his 'friends' a tool kit on how to make a fortune – for $197 a pop .",Mr Shapps used pictures of himself in his private plane with his son in a bid to prove that he knew how to make millions . Mr Shapps boasted about how he made a fortune in just 30 months from his HowToCorp firm and other projects. Mr Shapps boasts about how he made a fortune in just 30 months from his HowToCorp firm and other projects.,"Grant Shapps used online leaflets to boast of his wealth and status. Used pictures of himself in his private plane and six-bedroom mansion. Offered his 'friends' the chance to learn how to make their fortune. As long as they handed him $197, worth £130, he claimed he could help them."
"He picked up the nickname Goldenballs for his skills on the football pitch. But David Beckham  proved he is very very much the Goldenboy as he treated his family to a night out in London on Saturday. Heading to a showing of Lord of the Dance at the Dominion Theatre, David, 39, was joined by his parents-in-laws Anthony and Jacqueline Adams, his mother Sandra and sister Joanne. Scroll Down For Video . Goldenboy: David Beckham enjoyed a performance of Lord of The Dance on Saturday night in London . Family affair... David was joined by parents-in-laws Anthony and Jacqueline Adams, mother Sandra and sister . The family was without David's wife Victoria, who was hard at work promoting her new sunglasses range on a promotional tour of the Far East. Dressed in all black, David made a dapper appearance as he journeyed down the street making his way to the West End theatre. Donning his trademark baker boy cap in brown, the retired football player cut a suave figure in a jumper, tailored trousers and leather boots. Topping his ensemble with a black coat, the father-of-four continued to rock the bearded look as he walked with one hand in his pocket. Dapper David: The 39-year-old retired football player cut a suave figure in an all black ensemble . Suited and bearded: Beckham wore a jumper with a pair of trousers, leather boots and a black coat . Coordinating her outfit with her son's, David's mother Sandra also wore all black and completed her look with a camel coloured jacket. Meanwhile Victoria's parents Anthony and Jacqueline  wore almost identical get ups in navy shirts and black trousers. Meanwhile, David's flame-haired sister Joanne put on a stylish display in a navy trenchcoat, high neck top and fitted jeans. He's in fashion! The father-of-four donned his trademark baker boy cap in a tan colour . Coming through: Victoria's father stood in the middle of the two mothers as they journeyed along . 'It was an honour to watch a true legend tonight': After the performance David met with Michael Flatley . After the performance, David got a chance to meet star of the show Michael Flatley and made sure to upload a picture to his Facebook wall. The caption alongside the image read: 'It was an honour to watch a true legend tonight.' Referring to the death of Michael's father, Michael Sr, 86, in Chicago on Friday, Beckham continued: 'Huge respect to him for performing so incredibly for fans especially after losing his father recently'. Thanking David for his kind words, Flatley wrote on Twitter: 'Thanks for your support at this time David. You’re a true friend and a proper gentleman. God bless. Michael'. Handing out the hugs: Victoria's father stopped to exchange a warm embrace with a friend in the street . Family man: David is the proud father to Brooklyn, 16, Romeo, 12, Cruz, 10, and Harper, three . And he's off! Beckham pulled his coat together as he headed inside his waiting vehicle . Flatley flew to America to be at his father's bedside last week, but returned to the UK to perform in the opening night of his Lord Of The Dance: Dangerous Games show at the Dominion Theatre. He vowed to continue with his farewell Lord Of The Dance show following the death. In a statement, Flatley, 56, said: 'My dear father Michael James Flatley passed away yesterday on the opening night of my show. He was my hero, my heart is broken. 'Please keep him in your prayers. I love you dad, your son Michael.' Popular: Lord of The Dance is an Irish musical and dance production that was created by Flatley . All about the brand: Victoria Beckham showed off her long legs as she showed off her new eyewear collection in Hong Kong . Family is everything: The lovely lady tweeted, 'I miss my babies' on Mothering Sunday .","Whole family checked out Michael Flatley's farewell Lord Of The Dance show on Saturday .
Flatley's beloved father died just one day before and David praised the dancer for going ahead with Saturday's performance .
Michael shared a picture of himself and David and thanked the footballer for his support .
He has vowed to continue the farewell tour but will take time out to attend his father's wake in Chicago this week .","Heading to a showing of Lord of the Dance at the Dominion Theatre, David, 39, was joined by his parents-in-laws Anthony and Jacqueline Adams, his mother Sandra and sister Joanne. Goldenboy: David Beckham enjoyed a performance of Lord of The Dance on Saturday night in London . 'It was an honour to watch a true legend tonight': After the performance David met with Michael Flatley .","David, 39, was joined by parents-in-laws Anthony and Jacqueline Adams, mother Sandra and sister Joanne. The family was without David's wife Victoria, who was hard at work promoting her new sunglasses range in the Far East."
"A Wyoming man rang in his 100th birthday at the car dealership where he still works today, 66 years after making his first sale. As long as he can get out of the house, Derrell Alexander said that he'll be showing up for the job he loves at White's Mountain Motors in Casper. And although Alexander leaves his shift at the dealership a little earlier nowadays, he still works six days a week. Derrell Alexander rang in his 100th birthday at White's Mountain Motors, the car dealership where he still works today in Casper, Wyoming . Alexander made his first car sale 66 years ago. He still works six days a week and hasn't taken a vacation since his two children were young . Alexander believes you don't last long if 'you sit around the house and watch TV,' he told the Casper Journal. The father-of-two hasn't even taken a vacation since his children were young. But his daughter Sheri Rupe said she believes work has 'kept him going.' 'He'd probably be gone by now if he went home and sat down and did nothing,' said Rupe who, unlike her father, is happily retired. Tom Rupe believes his father-in-law will be selling cars and sitting at his favorite spot in the dealership, right by the fireplace, until the day he dies. 'I think what he wants is to be sitting there in front of that fireplace and have it be his last day,' Rupe told KCWY 13. Alexander believes you don't last long if 'you sit around the house and watch TV' and said that, as long as he can get out of the house, he'll be showing up at the job he loves . Once a top salesman, Alexander now sells to the children and grandchildren of his old regular customers . Alexander worked on ranches, a pipeline and as a mechanic before finding his dream job in car sales in 1949. Once a top salesman, Alexander now sells to the children and grandchildren of his old regular customers. Alexander, who has worked his whole life, said he has no hobbies and hopes he never has to retire. Brad Follensbee, White's Mountain Motors' general manager, said Alexander's drive is an inspiration to everyone at the dealership. 'I think it gives him purpose and drive,' said Follensbee. 'To get up every morning and get ready and come to work and be here.' Alexander (pictured here as a 27-year-old in 1942) worked on ranches, a pipeline and as a mechanic before finding his dream job in car sales in 1949 .","Derrell Alexander still works six days a week at White's Mountain Motors in Casper, Wyoming .
The father-of-two hasn't taken a vacation since his children were young .
Alexander hopes he never has to retire and believes you don't last long if you just 'sit around the house and watch TV'
Retired daughter Sheri Rupe believes job her dad loves has 'kept him going'","As long as he can get out of the house, Derrell Alexander said that he'll be showing up for the job he loves at White's Mountain Motors in Casper. Derrell Alexander rang in his 100th birthday at White's Mountain Motors, the car dealership where he still works today in Casper, Wyoming . Alexander believes you don't last long if 'you sit around the house and watch TV' and said that, as long as he can get out of the house, he'll be showing up at the job he loves .","Derrell Alexander made his first car sale 66 years ago at White's Mountain Motors in Casper, Wyoming. He still works six days a week and hasn't taken a vacation since his two children were young. Once a top salesman, Alexander now sells to the children and grandchildren of his old regular customers."
"Talk about going out with a bang! Video captures the moment bomb technicians from Midland Police Department in Texas detonated ten tons of illegal fireworks on Monday afternoon. The deafening footage  shows a giant plume of smoke sailing into the sky interspersed with flashes of brilliant white and red. Most of the explosives were reportedly confiscated during last year's Fourth of July festivities. Consumer fireworks must be stored by a licensed pyrotechnician and labeled properly otherwise they are subject to confiscation. Russ Morrison, from the bureau of Alcohol, Tobacco, Firearms and Explosives, told the Midland Reporter-Telegram that the explosive materials are usually stored for months in off-site bunkers before being collectively destroyed. Caught on camera: Video captures the moment bomb technicians from Midland Police Department in Texas detonated ten tons of illegal fireworks on Monday afternoon . Turn down the volume: The deafening footage shows a giant plume of smoke sailing into the sky interspersed with flashes of brilliant white and red . He added that highly-skilled technicians are put in charge of the job as fireworks can prove fatal. In the Texas case, the explosives were disposed of in a controlled destruction during the day, because authorities did not want it to be confused for a public fireworks show. The fiery footage of the discharge was posted on the Midland Police Department Facebook page and has been viewed more than 128,000 times.","Video captures the moment bomb technicians from Midland Police Department in Texas detonated seized explosive on Monday .
They were disposed of in a controlled destruction during the day because authorities did not want it to be confused for a public fireworks show .",Video captures the moment bomb technicians from Midland Police Department in Texas detonated ten tons of illegal fireworks on Monday afternoon. The deafening footage shows a giant plume of smoke sailing into the sky interspersed with flashes of brilliant white and red. Caught on camera: Video captures the moment bomb technicians from Midland Police Department in Texas detonated ten tons of illegal fireworks on Monday afternoon .,The deafening footage shows a giant plume of smoke sailing into the sky interspersed with flashes of brilliant white and red. Most of the explosives were reportedly confiscated during last year's Fourth of July festivities. Consumer fireworks must be stored by a licensed pyrotechnician and labeled properly.
"(CNN)Hillary Clinton made it clear Tuesday that when it comes to her emails, which traveled through a private server during her time at the State Department, we'll all just have to trust -- and she'll verify. Using strong language, the former secretary of state insisted that despite concerns from both sides of the aisle on issues including national security, accountability and transparency, there's simply nothing to see here. ""I went above and beyond what I was requested to do,"" she said. ""I fully complied with every rule,"" she declared. And in case you were wondering if there was going to be an independent review of her emails, there isn't. Nor will she turn over her server. ""The server will remain private."" There you go. Defiant, unfazed, undeterred.  You can believe fact checkers will work overtime to parse the bit about complying with every rule. Even the White House has disagreed with that. As for everyone else, the question isn't whether Clinton did enough Tuesday to satisfy House Republicans, who will no doubt continue to hammer her on decisions she made while at State. Nor is it whether she did enough to satisfy Republican voters, who have a crystallized view of Clinton that goes all the way back to the '90s. The perception that this is just another in a long line of instances where the Clintons flouted the rules is fairly unshakable. Likewise, her cadre of loyal surrogates, who showed just how unhinged they are willing to sound to defend the irreproachable HRC in recent days, are sure to keep on circling the wagons and telling us that she is the victim of a right-wing smear campaign and -- wait for it -- media bias. The audience for whom this press conference mattered most was Democratic and independent voters, who may admire Hillary Clinton, but as history has proved, simply cannot be counted on to vote for her in 2016, especially if someone else comes along on her left. Remember, Clinton wasn't defeated in 2008 by Republicans. She was beaten by a little-known, inexperienced Democrat. That means that the half of the country that was predisposed to like her politics and who already knew who she was chose someone else. And the other half of the country did, too. She's just as vulnerable, if not more, to the same kind of usurpation in 2016, thanks to an even greater sense of inevitability on the left, and the reflexive rush to protect her from valid questions and criticism isn't helping to dissolve it. Instead of insisting she did nothing wrong and smugly placating nosy reporters, she should have promised these voters that transparency and accountability -- two words she didn't utter Tuesday -- are the cornerstones of good government and any future administration she were to run. She should have assured them that the rules do apply to her, just like anyone else, and that in the future she'll pay closer attention to them. Finally, she should have told them that the last thing she wants is to take the trust of the voters for granted, and that she'll comply with any independent investigation that's offered. Defiance has paid off for the Clintons in that they've made it through some truly breathtaking scandals unscathed. But if Clinton wants 2016 to turn out differently than 2008, she and her surrogates can't keep insisting to voters that she is above scrutiny.","S.E. Cupp: At press conference, Hillary Clinton insists there was nothing amiss with her use of personal email while secretary of state .
Clinton is not invulnerable: She risks losing Democratic and independent voters, who abandoned her in 2008, she says .
Cupp: She should have assured them that the rules do apply to her, that transparency and accountability matter .","(CNN)Hillary Clinton made it clear Tuesday that when it comes to her emails, which traveled through a private server during her time at the State Department, we'll all just have to trust -- and she'll verify. As for everyone else, the question isn't whether Clinton did enough Tuesday to satisfy House Republicans, who will no doubt continue to hammer her on decisions she made while at State. But if Clinton wants 2016 to turn out differently than 2008, she and her surrogates can't keep insisting to voters that she is above scrutiny.","Hillary Clinton insisted Tuesday that despite concerns from both sides of the aisle on issues including national security, accountability and transparency, there's simply nothing to see here. The audience for whom this press conference mattered most was Democratic and independent voters."
"Many people turn to sport when times get tough and pretty Amy Brown is no exception. When the 21-year-old suffered cruel taunts at school for gaining good grades and wearing boy's clothes, she took her frustrations out on the rugby field. From the age of 12, Amy, who lives in the Forest of Dean, played at least twice a week for her local club. Scroll down for video . Scrummy: Rugby-loving Amy Brown, 21, from the Forest of Dean is a finalist in the Miss England competition . Beauty and brains: Amy turned to the rugby pitch after her schoolmates teased her for being clever...she says that 'she's now having the last laugh' Nearly ten years on, Amy has blossomed into a young beauty, so much so that her friends suggested she enter a local beauty pageant. Last month she was crowned Miss Forest of Dean, just in time for the Six Nations. Amy, who stands 5ft 8ins tall, will swap her muddy boots for high heels when she competes in the semi-finals of Miss England in June. Amy, who is studying Criminology at the University of Gloucester, said: 'I never expected to come this far. I've never been into high heels and dresses. 'For me, it was always rugby and drinking with the lads in the bar afterwards. The closest I ever had to having a picture taken was doing a selfie. 'I never ever thought of myself as being particularly glam. Before I got into rugby I was bullied at school. Try! Amy turned out twice a week for her local side from the age of 12 . The 'boffin' has grown up: Amy now has a boyfriend, 22-year-old gym instructor Ben Jones . More comfortable in boots: Amy says that she had to practice 'loads' to walk properly wearing heels . 'I wasn't very popular and worked hard so the bullies called me 'boffin' and 'ugly'. Even in my teens I didn't wear makeup and played rugby to deal with the name calling. 'It was a way I could get my frustration out but I really enjoy it. I'm in the second row so I'm in the thick of the action. 'I always get stuck in and I've got knocked out twice. I haven't got any cauliflower ears thankfully.' Amy, who has a long term boyfriend, gym instructor Ben Jones, 22, has beaten thousands of hopefuls to reach the semi-finals of Miss England. She added: 'I never thought I'd make it to the semi-finals of Miss England. It's been an amazing journey. 'Before the competition I'd never been on a cat walk. The first time I put on high heels I tottered about and almost lost my balance so I've had to practice loads. 'It's a great feeling to get glammed up now, especially when I think back to the abuse I got from the bullies. I do feel like I've had the last laugh.'","Amy Brown, 21, was teased at school for being a 'boffin'
She turned to rugby, playing twice a week from the age of 12 .
Now she's reached the finals of Miss England .
'Almost lost her balance' the first time she put on heels .","From the age of 12, Amy, who lives in the Forest of Dean, played at least twice a week for her local club. Scrummy: Rugby-loving Amy Brown, 21, from the Forest of Dean is a finalist in the Miss England competition . Amy, who stands 5ft 8ins tall, will swap her muddy boots for high heels when she competes in the semi-finals of Miss England in June.","Amy Brown, 21, from the Forest of Dean, is a finalist in Miss England. She turned to sport after being teased at school for being clever. Amy, who is studying Criminology, played rugby from the age of 12. Now she will compete in the semi-finals in June."
"A BRIEF GUIDE TO THE SOUND OF MUSIC . by Paul Simpson . (Robinson £9.99) For years I’d thought it was Vera Lynn’s We’ll Meet Again they planned to broadcast when the atomic bombs fell, but according to Paul Simpson, in this essential guide to the iconic film, when a nuclear strike is imminent, the BBC intends filling the airwaves with songs from The Sound Of Music. Cynical sorts will argue that having to listen to Do-Re-Mi and My Favourite Things will only make them incredibly impatient for oblivion. Nevertheless the remaining powers-that-be sincerely hope to ‘maintain some semblance of normality’ by exposing us to the ever-optimistic Von Trapps. It has always been easy to sneer at ‘three hours of nuns yodelling’, and Christopher Plummer himself dubbed the picture The Sound Of Mucus. But I for one love it, perhaps because 50 years back my grandmother took me to see it six times at the Capitol Cinema in Cardiff. The Sound of Music could have been very different if the Osmonds had claimed a place in the film . I always hid under the seat when the Nazis prowled around the convent, and to this day I haven’t seen the bit where the nuns sabotage the cars. It was a film that appealed to women who had domineering husbands — all those glowering Captain Von Trapp sorts who expected their dinner to be on the table. My grandmother, and millions like her, would love to have been Julie Andrews, cutting up the curtains to make clothes, falling in lakes for fun, rebelliously cycling around the countryside, picnicking and generally being heedless of chores and domestic obligations. In its unlikely and unstrident way, The Sound Of Music was a pioneering feminist rallying cry, and ordinary women, who’d have had no earthly inkling what Germaine Greer was rabbiting on about, embraced it and identified with it. The first surprise in Simpson’s book is that the story begins in England. The Von Trapps were descended from Robert Whitehead, an engineer born in Bolton in 1823. He went abroad to work for a Milanese company and in Trieste, then part of the Austro-Hungarian Empire, he built ‘the first cylindrical marine boiler’ and helped design armour-plated frigates for Kaiser Franz-Josef’s navy. Whitehead’s granddaughter, Agatha, met Captain Georg Von Trapp when he was visiting the factory looking at torpedoes. Julie Andrews (centre) is pictured in 1965 on the set of The Sound of Music with her on-screen step-children . They were married in 1911 and had seven children. Agatha died of scarlet fever in 1922, and Georg moved as a widower to Salzburg. A 21-year-old nun came to help out with the family — Maria Augusta Kutschera. She’d entered the convent, Nonnberg Abbey, to escape abusive uncles and cousins. Exactly as in the film, she was a tomboyish postulant, always having to be rebuked for sliding down banisters, climbing on the roof, jumping over chimneys, and grabbing the other nuns to tickle their ribs. Georg was entranced, and he married his new nanny in 1927. But how much of a mutual love-match was it? Maria ‘suggested to Georg that he go on the honeymoon without her’. At least they could make music. Like Plummer, Georg peeped on a bosun’s whistle to call the children to order, and he accompanied them on a guitar when they had a singing session. By the way, Ronald Reagan sincerely believed that Edelweiss was the official national anthem of Austria. After they’d sung a selection of medieval church music at the Salzburg Festival in 1936, the Von Trapps were invited abroad on tours. They sang before Queen Mary in London and entertained the Pope at the Vatican. It is here that the movie differs from reality. In real life the family left by train for a series of engagements, crossing the Channel and taking a ship from Southampton for New York, arriving in America in October 1938. Though Georg had been reprimanded by the Gestapo for failing to fly the Nazi flag after the Anschluss, there was no actual immediate danger. The five eldest Osmonds (pictured in 1972) are said to have begged to be able to play the Von Trapp children in the famous film . According to Hollywood, however, the Von Trapps crept from the concert hall, hid behind the Nonnberg tombs, and climbed every mountain to freedom carrying heavy instrument cases. In fact, had Julie Andrews, Christopher Plummer and the children kept going on the route they’d chosen, they’d have soon arrived on the terrace in Hitler’s Berchtesgaden.That part of Austria borders Bavaria, not Switzerland. And may I also state for the record that there is no such dish as ‘Schnitzel and Noodles’. The closest you’d find is ‘Gulasch mit Nockerln’. The original Maria Von Trapp was diddled by agents and managers, who persuaded her to sell them the global rights to her story in perpetuity for a paltry flat fee of $10,000, so neither she nor the family made a further penny cent from any of the adaptations. Twentieth Century Fox didn’t even invite Maria to the premiere, in case she ‘eclipsed’ Julie Andrews. I was shocked to discover that many major talents had shunned the chance to put the proven hit on the big screen. Neither Gene Kelly nor Billy Wilder would touch it, as ‘no musical with swastikas in it can be a success’. Rex Harrison, Bing Crosby and Yul Brynner turned down the role of Captain Von Trapp, believing the man to be ‘very much a cardboard figure, humourless and one-dimensional’. Audrey Hepburn, Doris Day and Anne Bancroft didn’t fancy donning a wimple. Audrey Hepburn (left) is said to have turned down the role of Maria, while Bing Crosby (right) rejected the part of Captain Von Trapp, believing it to be 'a cardboard figure' Noel Coward rejected the part of Max, the impresario — a shame. He’d have been brilliant. By contrast, the five eldest Osmonds begged to play the Von Trapp children. They were rejected, thank God, though Marie Osmond was to strum a guitar and play Maria on stage in the Seventies. Of those Aryan-looking youngsters who were finally cast, after their 11 weeks on location in Salzburg and the glorious Salzkammergut in 1964, none was to go on to great things. In late middle age by now, they are variously software designers, flower arrangers, nurses or interior decorators. Regarding the authentic Von Trapps, incidentally, they stopped singing professionally in 1956 and settled in Vermont, where they ran a hotel that burned down in 1980. Maria died in 1987, Georg having long predeceased her, in 1947. Life was never as rosy as in the film: one of the children had electroconvulsive shock treatment for depression, another married a Canadian, and others became dairy farmers. To date there have been 116 cast albums from the innumerable stage productions of The Sound of Music. (The Connie Fisher version lasted from 2006 until 2011.) Sing-a-Long parties are wildly popular, with the audience in costume — I’d go myself but in a nun outfit I do keep being mistaken for Pam Ferris as Sister Angelina. Julie Andrews (left) and Christopher Plummer (right) won the two top roles in the famous film, playing Maria and Captain Von Trapp respectively . The Julie Andrews film is the third highest grossing movie in history, behind Gone With The Wind and Star Wars. (Pre-tax profits of $20 million by 1966 saved Fox from the near-bankruptcy it faced after the Elizabeth Taylor/Richard Burton Cleopatra.) DVD and Blu-ray sales remain buoyant, with an ever-burgeoning number of special features and documentaries. The only place where it has never caught on, ironically, is Austria, where Captain Von Trapp is considered a deserter, which he was if you think about it. The Von Trapp villa became Himmler’s headquarters during the war. The film was also heavily edited in France, where it was felt that nuns shouldn’t be seen singing non-religious songs. For the rest of us, it is more than a movie. The Sound of Music is intimately bound up with childhood memories and emotions, in my case going to Cardiff for all those mid-week matinees, escaping the South Wales coal dust for the pristine Austrian panoramas. Indeed, years later I bought a flat near Salzburg. I’ve done my best to live where the hills are alive — though in actuality they are not these days alive with Rodgers & Hammerstein. What you hear are oompah-bands and men in lederhosen slapping their thighs and playing Wagner by blowing down the tube of a milking machine. Once seen, never forgotten. Especially by the cows. By the way, do get the latest incarnation of the DVD, as it includes an all-new documentary: Julie Andrews Returns To Salzburg. You see, she wasn’t able to leave the film behind either.","The Von Trapps were descended from an engineer from Bolton .
Agatha and Captain Von Trapp married in 1911 and had seven children .
The children's mother died from scarlet fever in 1922 .
The film, however, does not follow the true story in some aspects .","Julie Andrews (centre) is pictured in 1965 on the set of The Sound of Music with her on-screen step-children . The five eldest Osmonds (pictured in 1972) are said to have begged to be able to play the Von Trapp children in the famous film . Julie Andrews (left) and Christopher Plummer (right) won the two top roles in the famous film, playing Maria and Captain Von Trapp respectively .","When a nuclear strike is imminent, the BBC intends filling the airwaves with songs from The Sound Of Music. It has always been easy to sneer at ‘three hours of nuns yodelling’ But I for one love it, perhaps because 50 years back my grandmother took me to see it six times at the Capitol Cinema in Cardiff. It was a film that appealed to women who had domineering husbands."
"Dinner with Arnold Palmer on Thursday night clearly agreed with World No 1 Rory McIlroy. All those indifferent rounds in Florida so far this year were swept aside on Friday as the Northern Irishman notched up five birdies in a row at one point on his way to a superb 66 at the Arnold Palmer Invitational. It was the first time in eight rounds in the Sunshine State this year that he had broken 70 and what a way to do it. From out of the pack, the 25 year old is now bang in contention for a morale-boosting victory in his last scheduled start before his attempt to complete the career Grand Slam at the Masters next month. Rory McIlroy hit a second round of 66 at the Arnold Palmer Invitational on Friday . It was the first time in eight rounds in Florida this year that the World No 1 had broken 70 . McIlroy looks to have played himself back into form ahead of the Masters next month . ‘I’m just feeling more comfortable day by day, and it was great to see a few putts finally drop,’ said McIlroy, whose performance drew a glowing tribute from his good friend and playing partner, Rickie Fowler. ‘After what I saw today and the fact he’s clearly the best player in the world, he has to be the favourite for the Masters,’ said the American, who was pipped at the post to both The Open and USPGA Championships last year by McIlroy. ‘That course suits his game. He didn’t start out hot today but when he gets it going as he did on the back nine, it’s hard to hang with him. If he continues to play like that, he will be ready for Augusta, for sure.’ Fowler was right when he said nothing appeared to be happening for McIlroy over his front nine, the inward half on the course. In fact, he’d played much better on the first day, when he opened with a 70. But after finally getting a putt to drop at the second, and enjoying a small stroke of fortune at the third, where his pulled drive carried a water hazard by just a couple of yards, it all started to click. A good wedge to the third green set up a birdie and then came his third in a row at the par five fourth. At the fifth his wedge shot finished 18 inches away and then came another birdie at the long sixth, where he got up and down from a greenside bunker. ‘It’s a lovely feeling when you get on runs like that and the game suddenly feels very easy,’ he said. Fowler's good friend and playing partner Rickie Fowler admitted McIlroy is now favourite for the Masters . McIlroy had five birdies in a row in Dubai earlier this year but this was the first time he had enjoyed such a run in an event on the PGA Tour, and it electrified the huge galleries at Bay Hill. By this stage he had gone from being nowhere near the leader board into a tie for second place. Not even a bogey at his penultimate hole could dampen his enthusiasm. ‘It was obviously not the finish I was looking for but I’m still exactly where I wanted to be, with a real chance to win the tournament going into the weekend,’ he said. McIlroy will actually begin the third round on Saturday five shots behind American pacesetter, Morgan Hoffmann, who has played brilliantly so far to post blistering rounds of 66 and 65. But can the little-known Hoffmann keep it going? The New Jersey native is the same age as 25 year old McIlroy but there the comparison ends. A solitary top three finish in 67 starts on the PGA Tour suggests he could struggle over the weekend. Three shots off the pace are world No 3 Henrik Stenson and defending champion Matt Every, while McIlroy is not the only big name from the UK in position to have a crack at winning this prestigious title. Matt Every is also in the mix, three shots behind surprise leader Morgan Hoffman . Ian Poulter is in contention at halfway after rounds of 67 and 70 put him one shot behind McIlroy . For the third week out of four in Florida, Ian Poulter is in contention at halfway, standing just a shot behind McIlroy following rounds of 67 and 70. He also gave a positive bulletin on his three year old son, Joshua, who is making a good recovery from pneumonia. ‘It was great to see him looking a lot perkier than when I left for the course this morning,’ he said. Padraig Harrington, who began this Florida swing with an amazing comeback victory at the Honda Classic, is also in the top 20 at halfway after rounds of 68 and 71. But there’s no getting away from the man who will attract nearly all the attention this weekend. As for that dinner with Palmer, McIlroy was still buzzing. ‘It was fantastic, it really was,’ he said. ‘We spoke for two and a half hours and he was telling stories of the old days and some of the things he’ s done from a commercial standpoint. He was very close to his father just like I am and he shared a few stories about that. It was just great to be in his presence and enjoy his company.’ Pat Perez hits his tee-shot on the picturesque 11th hole at the Bay Hill Club and Lodge .","Rory Mcilroy five shots behind leader Morgan Hoffman at Bay Hill .
World No 1 had dinner with Arnold Palmer on Thursday night .
Rickie Fowler says McIlroy must be favourite for the Masters next month .
First time in eight rounds this year that McIlroy broke 70 in Florida .
Matt Every one shot behind Hoffman - Ian Poulter one behind McIlroy .","It was the first time in eight rounds in Florida this year that the World No 1 had broken 70 . Ian Poulter is in contention at halfway after rounds of 67 and 70 put him one shot behind McIlroy . For the third week out of four in Florida, Ian Poulter is in contention at halfway, standing just a shot behind McIlroy following rounds of 67 and 70.",Rory McIlroy hit a second round of 66 at the Arnold Palmer Invitational. It was the first time in eight rounds in Florida this year that the World No 1 had broken 70. The 25-year-old is now bang in contention for a morale-boosting victory in his last scheduled start before his attempt to complete the career Grand Slam.
"A father spent £10,000 on private detectives after police failed to track down the thug who killed his daughter’s kitten with an air rifle. Neil Tregarthen devoted six weeks to gathering information for a 15-page report that named their prime suspect – but officers dismissed it as ‘rumour and speculation’ and abandoned the case. Yesterday the millionaire former business owner – who posed as an angler at one stage to spy on youths he believed were responsible – criticised the police investigation as ‘totally impotent’. Scroll down for video . Neil Tregarthen spent £10,000 on a private investigator after his daughter's cat, Farah, was shot by an air rifle . He and the private eyes identified several members of a local gang that posted Facebook pages of themselves injuring animals, and had criminal records for air rifle related offences. But police refused to bring a prosecution because of ‘lack of evidence’ for an attack that condemned Farah the kitten to a slow, agonising death. Mr Tregarthen’s daughter Aylish was horrified to find Farah lying in a pool of blood after limping home wounded and crippled with pain last September. The 24-year-old medical student and her father took the kitten to a vet but she suffered ‘a very long, painful, lingering death’ from a ruptured bowel and blood poisoning, finally passing away on the operating table, Mr Tregarthen said. When police told him there was not enough evidence to pursue the case he hired the detective firm and offered a £1,000 reward to catch the killer. They distributed flyers and set up a phone line for people to give information. It quickly became clear there had been a string of air rifle attacks near where Aylish lives in Exeter, Devon. ‘We narrowed it down to four youths, so we set about doing surveillance work,’ Mr Tregarthen said. ‘We would camp out on the river pretending to be fishing. We surveyed certain areas by pretending to be members of the public. Ideally we needed to witness an incident, but that never happened. We found a witness who claimed he had witnessed our main suspect shooting another cat.’ The kitten, pictured right with one of the family's other pets,  died despite extensive treatment at the vets . Mr Tregarthen is offering £1,000 to anyone with information which could lead to Farah's killer. The kitten was shot near her owner's home in Exeter . Exeter-based Focus Investigations, whose staff includes ex-police officers, said the person responsible had ‘an obvious sociopathic nature’. Mr Tregarthen, 56, added: ‘We compiled all the information we had, and presented it to the police. We did 85 per cent of the work – then Devon and Cornwall Police would not even go and knock on a couple of doors. Using an air rifle to shoot cats is illegal, and should be treated as such.’ Mr Tregarthen, who lives in a luxury house in Truro, Cornwall, said of the cost of his own investigation: ‘I would pay double that if I thought it would stop this sort of behaviour. 'I know I am in a fortunate position to be able to do so, but I think it is money well spent. It’s about society fighting back.’ Mr Tregarthen enlisted the help of private investigators Focus (offices pictured above) to help find Farah's killer . The animal is likely to have been playing in the garden when killed, Mr Tregarthen said. She returned to Miss Tregarthen's house wounded . His daughter said: ‘I feel like there is no justification for not investigating something that is illegal. We sympathise with the budget cuts – they have limited time and resources, which is why we chose to investigate it. But to still have the same response is very disappointing.’ Devon and Cornwall Police neighbourhood beat manager Steve Parsons said: ‘We investigated this crime fully. As for the investigation report, I have examined this and it is packed with rumour and speculation, not evidence. ‘However, on the back of this, officers did make further inquiries in the area which also turned out to be fruitless. I am confident we have done everything possible in investigating this case.’ Mr Tregarthen said police were 'impotent' in their investigations into who killed the cat, pictured above in a red collar . Mr Tregarthen lives in a plush £3million home in Truro, Cornwall (above). His daughter is studying medicine in Exeter .","Neil Tregarthen hired private investigators to look into the animal's death .
Claimed local police in Exeter had been 'impotent' in their inquiries .
The father of three put together a report which named a potential suspect .
But officers dismissed it as 'packed with rumour and speculation'
Farah the kitten returned to owner's house wounded and bleeding to death .","A father spent £10,000 on private detectives after police failed to track down the thug who killed his daughter’s kitten with an air rifle. Neil Tregarthen spent £10,000 on a private investigator after his daughter's cat, Farah, was shot by an air rifle . I am confident we have done everything possible in investigating this case.’ Mr Tregarthen said police were 'impotent' in their investigations into who killed the cat, pictured above in a red collar .","Neil Tregarthen spent £10,000 on a private investigator after his daughter's cat, Farah, was shot by an air rifle. He and the private eyes identified several members of a local gang that posted Facebook pages of themselves injuring animals. But police refused to bring a prosecution because of ‘lack of evidence’ for an attack that condemned Farah to a slow, agonising death."
"It wasn't just the Clasico — Victor Valdes always prepared for every game by imagining the worst things that could happen. He would muscle up his psychological preparedness by spending time mentally filing through the great times in his career, the things he valued highly in his personal life. If he had a stinker, or even if he had a blinder but still couldn't stop his opponents getting the better of Barcelona, then he would have a store of precious images and memories with which to dilute the pain of defeat or failure. He would rely on them. This will be Barca's first Clasico at the Nou Camp without Valdes at the club since 2002 - 13 years. Claudio Bravo in training at Barcelona's Joan Gamper base ahead of El Clasico against Real Madrid . Despite the million-kilowatt glare given off by the stars on the playing surface, I'll miss his presence — saturnine, deeply competitive, gently eccentric, hugely effective. Damn good at his job and one of the plethora of characters who have helped elevate this to the best, most regularly high-quality, most-watched game of football in the world. I am still learning what Claudio Bravo's mind usually does to him before a big game, and, vice versa, what the former Real Sociedad keeper tries to do to either dominate or harness the powerful psychological alert system which should be telling him, right about now: 'Oh no! Real Madrid again.' From the moment when David Beckham scored past him with a free-kick at the Anoeta Stadium in February 2007, where the ball squirted past Bravo like a wet, angry salmon trying to evade capture, the contest with Los Blancos has appeared to have been Bravo's Room 101. Following that Beckham moment, Bravo has faced Madrid 10 times, losing nine, drawing one and conceding 33 goals. Like Colin Montgomerie and a major golf tournament, Brazilian Ronaldo and the Champions League, Madrid are the sharpest thorn, digging into the goalkeeper's side. Bravo joined Barcelona in the summer of 2014 and is looking to improve his record against Real Madrid . Bravo comes up against Lionel Messi in 2012 while playing for former club Real Sociedad . Back in October, leading 1-0, perhaps he allowed himself to dream. But by the end it was 3-1 going on 6-1. It's important to be clear, in not one of Real's goals — Cristiano Ronaldo's penalty, Pepe's thunderous header, Karim Benzema's blitzkrieg counter-attack third — did the Chilean carry any blame. But here he is, guardian of a team expected to win — able to make a decisive statement about taking the title back, at a time when they are in the last eight of the Champions League and Copa del Rey finalists. His mind must have wandered to ... what if? He's already admitted: 'It's true, we do talk about the Treble... it's an achievement which was in this club's recent past and it would be fantastic to repeat. The Barcelona No 1 (right) and Jordi Masip Lopez train in preparation for the game against Real Madrid . 'But thinking about it and assuming it's going to happen are totally different things.' Right now Bravo is in line to win the important Ricardo Zamora Trophy for La Liga's stingiest keeper — 16 goals conceded in 27 matches. But, even given that statistic, he's yet to give, or be asked for, a display where he can definitively say: 'Those three points belong to me.' Chile's star of the World Cup admits it is still a learning process. 'People ask you the difference of playing at Barcelona compared to another team and it' s waiting. Waiting with total concentration, mental preparation, staying ready despite the fact that you might not be tested, not even involved for 20 or 30 minutes at a time. 'I tell myself that we are under attack, that at any second, including that one right then, something vital might be asked of me.' The match will be Barcelona's first Clasico at the Nou Camp without Victor Valdes in 13 years . Just under 105 metres away from him for most of the night will be someone who would have nodded, with a knowing grin, at all of those sentiments. This isn't the first time that some have reckoned that Iker Casillas is facing his final Clásico (and who knows whether the two sides might yet meet in the Champions League) — but neither Father Time nor the club's transfer market planners are on his side. If Real Madrid president Florentino Pérez has his way, this will be David de Gea's fixture next season. But, right now, it's San Iker's. The 4-3 loss to Schalke at the Bernabéu 12 days ago was the match which made all Barca fans say: 'Three points on March 22, for sure. Madrid have gone.' Valdes (right) joined Manchester United this season where he is currently No 2 behind David de Gea . But that's not so. Casillas was correctly blamed for at least two of those goals. But the impression that the game, and it's embarrassing defending, was definitive was false, I think. Casillas' desire, his cat-like alacrity seem diminished. But he's a feisty, cold-minded competitor and this matters the world to him. Thirty-seven times he' s played Barca, far more than any other rival. If this is his last, and he'd like there to be another six or seven before leaving in 2017, then he'll be determined to produce another save like the one which turned last October's clash. Losing 1-0 to Neymar's opener, Casillas made a point-blank save from Messi (who's scored 18 times past the Madrileño). Madrid weren't 2-0 down at home, Madrid pressed the accelerator and crushed Luis Enrique's side in 'Lucho's' first Clásico as a coach. It's an anecdote that Casillas' first Clasico at the Nou Camp, nearly 15 years ago, also saw the first goal he conceded to Barca — scored by that same Lucho. When the world watches this contest it will be in anticipation of another of the three-plus goal games we've seen over the last 10 years. But spare a thought for the Nou Camp Clasico debutant in one goal, and the legend in the other. Different lives, different men. Shared pressure.","Claudio Bravo preparing for El Clasico against Real Madrid .
Match will be first Clasico at Nou Camp without Victor Valdes for 13 years .
Bravo played against Real Madrid a number of times with Real Sociedad .
Chilean goalkeeper joined Barcelona after an impressive World Cup .",This will be Barca's first Clasico at the Nou Camp without Valdes at the club since 2002 - 13 years. The Barcelona No 1 (right) and Jordi Masip Lopez train in preparation for the game against Real Madrid . The match will be Barcelona's first Clasico at the Nou Camp without Victor Valdes in 13 years .,"Barcelona face Real Madrid in El Clasico at the Nou Camp on Sunday. Victor Valdes has been at the club since 2002 - 13 years. Claudio Bravo has faced Madrid 10 times, losing nine, drawing one and conceding 33 goals. Bravo is in line to win the Ricardo Zamora Trophy for La Liga's stingiest keeper."
"It looks like something from outer space, but the 'alien of the deep' is found much closer to home. With its fleshy snout, nail-like teeth and flabby pink body it wouldn't look out of place in a science fiction film, but the rare sea goblin shark described as an 'alien of the deep' has been found off Australia's southeast coast and delivered to the Australian Museum in Sydney. The prehistoric-looking goblin sharks live on deep sea bottoms and little is known about their lives. The shark had died by the time it was handed over, but it was still a priceless asset as only four of them have been acquired by the Sydney museum - the first two collected back in the 1980s. A goblin shark with a long flattened snout covered with pores is shown at the Australian Museum . 'It's pretty impressive, it's not hideous it's beautiful,' said the Australian Museum's fish collection manager Mark McGrouther, who described its teeth as looking like 'little daggers'. 'They are not caught terribly often. They are not encountered terribly often at all.' The latest was picked up by a fisherman in January. It was found near Eden, off Australia's southeast coast, at a depth of about 200 metres and delivered in excellent condition to the museum. The Australian Museum's fish collection manager Mark McGrouther shows the jaws of a Goblin Shark in the sorting lab in Sydney . McGrouther said he was 'thrilled' to handle the shark, which is found in the Pacific, Atlantic and Indian oceans. The species, whose scientific name is 'Mitsukurina owstoni', is thought to be a living fossil dating back some 125 million years. The animal's jaw mechanism, which shoots forward when it detects prey and then retracts under its fleshy, spade-shaped snout, was what fascinated McGrouther the most. Its fleshy snout, nail-like teeth and flabby pink body makes it stand out from the crowd . 'I suspect because it has got soft, flabby musculature, it doesn't need much energy... so it will swim slowly over the bottom just using its snout like a metal detector,' he said. 'It will be sweeping over the bottom and when it detects a small fish, or a crab or a squid it will shoot those jaws out 'wham' and capture whatever it is. 'It will spear it with those sharp pointed teeth and then just wolf it down whole.' The Australian Museum shows off a goblin shark, a rare sea creature described as an 'alien of the deep' The latest goblin shark specimen, from which tissue samples have been taken for genetic testing, will be preserved by the museum and made available for research.","The prehistoric-looking goblin sharks live on deep sea bottoms .
The dead body of the shark was given to the Australian Museum .
'It's not hideous it's beautiful,' says Australian Museum's Mark McGrouther .
It was only the fourth goblin shark to be given to the museum in Sydney .
The first two goblin sharks were collected back in the 1980s .","With its fleshy snout, nail-like teeth and flabby pink body it wouldn't look out of place in a science fiction film, but the rare sea goblin shark described as an 'alien of the deep' has been found off Australia's southeast coast and delivered to the Australian Museum in Sydney. The Australian Museum's fish collection manager Mark McGrouther shows the jaws of a Goblin Shark in the sorting lab in Sydney . The Australian Museum shows off a goblin shark, a rare sea creature described as an 'alien of the deep' The latest goblin shark specimen, from which tissue samples have been taken for genetic testing, will be preserved by the museum and made available for research.","Rare sea goblin shark described as an 'alien of the deep' has been found off Australia's southeast coast. The prehistoric-looking goblin sharks live on deep sea bottoms and little is known about their lives. The shark had died by the time it was handed over, but it was still a priceless asset. Only four of them have been acquired by the Sydney museum - the first two collected in the 1980s."
"Distractions - especially talking with passengers and using cellphones - play a far greater role in car crashes involving teen drivers than has been previously understood, according to compelling new evidence cited by safety researchers. The AAA Foundation for Traffic Safety analyzed nearly 1,700 videos that capture the actions of teen drivers in the moments before a crash. It found that distractions were a factor in nearly 60per cent of moderate to severe crashes. That's four times the rate in many previous official estimates that were based on police reports. The study is unusual because researchers rarely have access to crash videos that clearly show what drivers were doing in the seconds before impact as well as what was happening on the road. AAA was able to examine more than 6,842 videos from cameras mounted in vehicles, showing both the driver and the simultaneous view out the windshield. The foundation got the videos from Lytx Inc., which offers programs that use video to coach drivers in improving their behavior and reducing collisions. Crashes or hard-braking events were captured in 1,691 of the videos. They show driver distraction was a factor in 58per cent of crashes, especially accidents in which vehicles ran off the road or had rear-end collisions. The most common forms of distraction were talking or otherwise engaging with passengers and using a cellphone, including talking, texting and reviewing messages. Caught on camera: A teen driver loses control of her vehicle after she was driving distracted . Finding the source of the problem: The AAA Foundation for Traffic Safety analyzed nearly 1,700 videos that capture the actions of teen drivers in the moments before a crash . Other forms of distraction observed in the videos included drivers looking away from the road at something inside the vehicle, ten per cent; looking at something outside the vehicle other than the road ahead, nine per cent; singing or moving to music, eight percent; grooming, six percent; and reaching for an object, six per cent. In one video released by AAA, a teenage boy is seen trying to navigate a turn on a rain-slicked road with one hand on the wheel and a cellphone held to his ear in the other hand. The most common forms of distraction leading up to a crash by a teen driver included: . Interacting with other passengers: 15 percent of crashes . Cell phone use: 12 percent of crashes . Looking at something in the vehicle: 10 percent of crashes . Looking at something outside the vehicle: 9 percent of crashes . Singing/moving to music: 8 percent of crashes . Grooming: 6 percent of crashes . Reaching for an object: 6 percent of crashes . The car crosses a lane of traffic and runs off the road, stopping just short of railroad tracks that run parallel to the road. In another video, a driver on a lonely two-lane road at night is shown looking down at an electronic device, apparently texting. While his eyes are off the road, the car crosses the opposite lane, leaves the road and appears about to strike a mailbox. One teen driver is captured braking hard at the last moment to avoid slamming into the back of an SUV stopped or slowed in traffic ahead. Just a moment before, the girl had turned her attention to another girl in the front passenger seat in an animated conversation. The camera shows the shock on the girls' faces as they suddenly realize a crash is imminent. The National Highway Traffic Safety Administration has previously estimated that distraction of all kinds is a factor in only 14per cent of all teen driver crashes. The videos provide 'indisputable evidence that teen drivers are distracted in a much greater percentage of crashes than we previously realized,' said Peter Kissinger, the foundation's president and CEO. Past research has shown that teens with multiple passengers in the car are more likely to have accidents. Eyes down: The most common forms of distraction were talking or otherwise engaging with passengers and using a cellphone, including talking, texting and reviewing messages . New findings: The National Highway Traffic Safety Administration has previously estimated that distraction of all kinds is a factor in only 14per cent of all teen driver crashes . The opposite is the case for adults - for older drivers, having a passenger with an extra set of eyes on the road can make driving safer. Teen drivers using cellphones had their eyes off the road for an average of 4.1 seconds out of the final six seconds leading up to a crash, the AAA study found. Researchers also measured reaction times in rear-end crashes and found that teen drivers using cellphones failed to react more than half of the time before the impact, meaning they crashed without braking or steering away. AAA and other traffic safety groups who previewed the findings said the study shows states should review their licensing requirements to restrict the number of passengers in cars driven by teens and change their laws to prohibit cellphone use by teen drivers. Proof: The videos provide 'indisputable evidence that teen drivers are distracted in a much greater percentage of crashes than we previously realized,' said Peter Kissinger, the foundation's president and CEO . High numbers: About 963,000 drivers age 16 to 19 were involved in police-reported crashes in the U.S. in 2013, the most recent year for available data . 'The findings of the AAA Report confirm what safety groups have suspected for a long time - distraction is more severe and more common in teen driver crashes than previously found in government data,' said Jackie Gillan, president of Advocates for Highway and Auto Safety. AAA said it also recommends that parents teach teens about the dangers of cellphone use and restrict passengers during the learning-to-drive process. Teen drivers have the highest crash rate of any age group. About 963,000 drivers age 16 to 19 were involved in police-reported crashes in the U.S. in 2013, the most recent year for available data. These crashes resulted in 383,000 injuries and 2,865 deaths.","The AAA Foundation for Traffic Safety analyzed nearly 1,700 videos that capture the actions of teen drivers in the moments before a crash .
It found that distractions were a factor in nearly 60per cent ot crashes .
The National Highway Traffic Safety Administration has previously estimated that distraction of all kinds is a factor in only 14per cent of all teen driver crashes .
The most common forms of distraction were talking with passengers and using a cellphone, including talking, texting and reviewing messages .","Other forms of distraction observed in the videos included drivers looking away from the road at something inside the vehicle, ten per cent; looking at something outside the vehicle other than the road ahead, nine per cent; singing or moving to music, eight percent; grooming, six percent; and reaching for an object, six per cent. The National Highway Traffic Safety Administration has previously estimated that distraction of all kinds is a factor in only 14per cent of all teen driver crashes. New findings: The National Highway Traffic Safety Administration has previously estimated that distraction of all kinds is a factor in only 14per cent of all teen driver crashes .","The AAA Foundation for Traffic Safety analyzed nearly 1,700 videos that capture the actions of teen drivers in the moments before a crash. It found that distractions were a factor in nearly 60per cent of moderate to severe crashes. That's four times the rate in many previous official estimates that were based on police reports. The most common forms of distraction were talking or otherwise engaging with passengers and using a cellphone."
"Caught in the act: A couple were photographer in a compromising position as the male drove a motorbike down a main road in the bustling tourist destination Goa . A couple were caught on camera in a rather intimate position - while riding a motorbike down a busy highway in India. The pair were snapped as they rode down Mandovi Bridge in Goa, and police have now tracked them down after an outraged politician shared the eyebrow-raising picture of Twitter. In the photo, the male appears to only be wearing a t-shirt and socks, while his lady friend can only be identified by her legs wrapped around him. MP Vishnu Surya Wagh, a member of the Bharatiya Janata Party, said the picture was tantamount to a 'broad daylight sex show', although it is not clear whether the two love birds were having intercourse while travelling through Goa. After the Facebook post received hundreds of re-posts and likes, officers traced the couple and interviewed them in a Goa police station, where they admitted it was them who had been snapped riding indecently on the motorbike along the Mandovi Bridge, a popular tourist destination. Sharing the image, Vishnu Surya Wagh urged his followers to have their say. He wrote: 'HAVE SEX RIDING A BIKE... NO ONE WILL STOP YOU... THIS IS GOA... Disapproving: Mr Wagh urged his followers to have their say on the picture, which has been 'liked' more than 500 times on his page . Clocked: Politician Vishnu Surya Wagh sparked a police investigation after he shared the candid image of two people apparently having sex on a motorbike on his Facebook page . 'This broad daylight sex show took place right on the Mandovi bridge on Sunday afternoon. 'Not a single policeman on the way to stop them. 'A passerby happened to click this picture. 'What do you have to say?' Outraged: Mr Wagh used Facebook to criticise the fact that no police officers had spotted the pair driving the motorbike and taking part in a 'broad daylight sex show' Police tracked down the couple by firstly identifying the owner of the bike, which turned out to be a rental firm. When contacted they passed on the details of the couple, from the Indian state of Madhya Pradseh, who had rented the vehicle. After admitting it was them pictured, the pair were fined 1,000 Rupees - equivalent to £10 - by the police. When asked for an interview the man pictured refused to say whether or not he had only been wearing a T-shirt and a pair of socks, as the picture appears to show.","Pair snapped in an intimate position while riding through tourist trap Goa .
Driver only wearing socks and a t-shirt... with lady's legs wrapped around .
After picture shared by outraged politician police prompted into action .
Couple were tracked down and fined 1,000 rupees for 'indecent riding'","THIS IS GOA... Disapproving: Mr Wagh urged his followers to have their say on the picture, which has been 'liked' more than 500 times on his page . Outraged: Mr Wagh used Facebook to criticise the fact that no police officers had spotted the pair driving the motorbike and taking part in a 'broad daylight sex show' Police tracked down the couple by firstly identifying the owner of the bike, which turned out to be a rental firm. When asked for an interview the man pictured refused to say whether or not he had only been wearing a T-shirt and a pair of socks, as the picture appears to show.","MP Vishnu Surya Wagh shared picture of couple riding motorbike in Goa. The male appears to only be wearing a t-shirt and socks in the photo. His lady friend can only be identified by her legs wrapped around him. Mr Wagh said the picture was tantamount to a 'broad daylight sex show' Police tracked down the couple and fined them 1,000 Rupees - equivalent to £10."
"Chelsea striker Diego Costa was involved in yet another confrontation on Wednesday as he appeared to strike Aaron Cresswell during his side's 1-0 win against West Ham. Costa, who was not punished for the incident, has a reputation for trying to unsettle his opponents by throwing his weight around. The 26-year-old striker escaped the attention of Premier League official Andre Marriner, who failed to see the severity of the incident. Chelsea striker Diego Costa appeared to raise his hand in the direction of West Ham's Aaron Cresswell . Cresswell felt the force of Costa's right arm during Chelsea's 1-0 win against the Hammers at Upton Park . Costa tussles with West Ham defender Carl Jenkinson as Jose Mourinho watches on from the sidelines . West Ham boss Sam Allardyce warned his players against trying to provoke or intimidate Costa ahead of the fixture at Upton Park. 'I think trying to wind Costa up only makes him better – which is a silly thing to do,' said Allardyce. 'He will take a bit of shackling. We can't get involved with him. I've told our central defenders not to get involved with the fact he might try and upset them. 'He's an old-fashioned type of centre-forward because he seems to like getting motivated on the physical and niggle aspect of it all. I've told them not to get involved in that and get distracted, simply to focus on him in the final third.' Meanwhile, Jose Mourinho's side remain five points clear at the top of the table - with a game in hand - following their win over their London rivals. Chelsea playmaker Eden Hazard scored the only goal of the match to help his side claim all three points .","Chelsea striker Diego Costa was involved in incident with Aaron Cresswell .
Referee Andre Marriner did not take action against the Spain international .
Sam Allardyce said there was no point trying to wind up Costa before game .
Eden Hazard scored the only goal of the match to give Chelsea the win .
CLICK HERE for all the latest Chelsea news .",Chelsea striker Diego Costa was involved in yet another confrontation on Wednesday as he appeared to strike Aaron Cresswell during his side's 1-0 win against West Ham. Chelsea striker Diego Costa appeared to raise his hand in the direction of West Ham's Aaron Cresswell . West Ham boss Sam Allardyce warned his players against trying to provoke or intimidate Costa ahead of the fixture at Upton Park.,"Diego Costa appeared to strike West Ham's Aaron Cresswell during Chelsea's 1-0 win against the Hammers at Upton Park. The 26-year-old striker escaped the attention of Premier League official Andre Marriner, who failed to see the severity of the incident. Costa has a reputation for trying to unsettle his opponents by throwing his weight around."
